Date,AAPL,QQQ,SPY,TSLA
2016-12-07,26.12763,113.963272,205.075211,38.630001
2016-12-08,26.384129,114.165459,205.577438,38.458
2016-12-09,26.814766,115.060951,206.819183,38.436001
2016-12-12,26.661808,114.540985,206.581833,38.486
2016-12-13,27.106564,115.98526,207.960541,39.630001
2016-12-14,27.106564,115.74456,206.243988,39.737999
2016-12-15,27.254814,115.92749,207.093109,39.515999
2016-12-16,27.290115,115.497772,206.68808,40.498001
2016-12-19,27.447777,115.970963,207.138138,40.546001
2016-12-20,27.520723,116.415176,207.93721,41.757999
2016-12-21,27.546612,116.328255,207.358597,41.540001
2016-12-22,27.365417,115.999916,207.000381,41.689999
2016-12-23,27.419537,116.077171,207.303482,42.667999
2016-12-27,27.593676,116.675919,207.81778,43.905998
2016-12-28,27.476019,115.76815,206.10022,43.948002
2016-12-29,27.468956,115.603981,206.054337,42.936001
2016-12-30,27.254814,114.416176,205.301208,42.737999
2017-01-03,27.33247,115.439819,206.87178,43.397999
2017-01-04,27.30188,116.06752,208.102509,45.397999
2017-01-05,27.440723,116.724197,207.93721,45.349998
2017-01-06,27.746635,117.747849,208.681137,45.801998
2017-01-09,28.00078,118.134125,207.992279,46.256001
2017-01-10,28.029022,118.394859,207.992279,45.973999
2017-01-11,28.179623,118.713539,208.580109,45.945999
2017-01-12,28.061964,118.530052,208.056549,45.917999
2017-01-13,28.012547,118.935646,208.534195,47.549999
2017-01-17,28.238455,118.578339,207.799438,47.116001
2017-01-18,28.236097,118.819786,208.258636,47.672001
2017-01-19,28.186684,118.761833,207.487106,48.751999
2017-01-20,28.238455,119.022552,208.249466,48.945999
2017-01-23,28.257282,119.119141,207.70752,49.784
2017-01-24,28.231394,119.920677,209.039352,50.922001
2017-01-25,28.680859,121.127792,210.848679,50.894001
2017-01-26,28.694977,121.253357,210.628235,50.501999
2017-01-27,28.697329,121.4851,210.297577,50.59
2017-01-30,28.62203,120.538719,208.993378,50.125999
2017-01-31,28.556139,120.297272,208.975021,50.386002
2017-02-01,30.297512,121.127792,209.057678,49.848
2017-02-02,30.245735,121.021561,209.195435,50.310001
2017-02-03,30.375166,121.369217,210.637405,50.265999
2017-02-06,30.659903,121.514076,210.260864,51.554001
2017-02-07,30.951696,121.958305,210.269989,51.495998
2017-02-08,31.071711,122.161095,210.545593,52.416
2017-02-09,31.296236,122.605309,211.794678,53.84
2017-02-10,31.225334,123.010895,212.630432,53.846001
2017-02-13,31.501848,123.7062,213.787704,56.119999
2017-02-14,31.910721,124.121452,214.641891,56.195999
2017-02-15,32.026524,124.855385,215.762344,55.952
2017-02-16,31.988707,124.816772,215.578705,53.790001
2017-02-17,32.07616,125.357544,215.918518,54.445999
2017-02-21,32.30777,125.975594,217.204361,55.478001
2017-02-22,32.404671,126.023903,217.011444,54.702
2017-02-23,32.267605,125.550705,217.158432,51.198002
2017-02-24,32.298321,125.792145,217.43396,51.400002
2017-02-27,32.362129,125.946655,217.773819,49.245998
2017-02-28,32.376324,125.560371,217.185959,49.998001
2017-03-01,33.038055,126.931648,220.226028,50.004002
2017-03-02,32.841911,126.294289,218.839172,50.096001
2017-03-03,33.035706,126.526077,218.976944,50.313999
2017-03-06,32.931717,126.245964,218.32486,50.242001
2017-03-07,32.974255,126.033546,217.672745,49.717999
2017-03-08,32.85136,126.255638,217.268616,49.374001
2017-03-09,32.775723,126.352234,217.544159,48.98
2017-03-10,32.884445,126.883347,218.306503,48.737999
2017-03-13,32.898632,127.095833,218.416718,49.234001
2017-03-14,32.848988,126.786835,217.580887,51.599998
2017-03-15,33.196423,127.569008,219.463745,51.146
2017-03-16,33.250771,127.482101,219.032028,52.41
2017-03-17,33.085339,127.437607,218.647415,52.299999
2017-03-20,33.432758,127.553734,218.407562,52.383999
2017-03-21,33.049885,125.618279,215.603348,50.136002
2017-03-22,33.423306,126.469902,216.110657,51.001999
2017-03-23,33.305138,126.150551,215.880066,50.956001
2017-03-24,33.238956,126.411827,215.723236,52.632
2017-03-27,33.295685,126.615028,215.501831,54.043999
2017-03-28,33.985802,127.389183,217.070053,55.490002
2017-03-29,34.061417,127.979492,217.272964,55.476002
2017-03-30,34.016518,128.192383,217.964767,55.584
2017-03-31,33.952702,128.105301,217.457413,55.66
2017-04-03,33.962154,128.027878,217.079239,59.703999
2017-04-04,34.215042,128.23111,217.217636,60.740002
2017-04-05,34.037796,127.708549,216.571899,59.0
2017-04-06,33.952702,127.776276,217.180725,59.740002
2017-04-07,33.877083,127.708549,216.959305,60.507999
2017-04-10,33.836903,127.75695,217.088455,62.478001
2017-04-11,33.472935,127.205353,216.83017,61.742001
2017-04-12,33.513111,126.692451,215.880066,59.368
2017-04-13,33.335857,126.189232,214.477936,60.799999
2017-04-17,33.520199,127.234352,216.378174,60.287998
2017-04-18,33.371304,127.040833,215.732483,60.049999
2017-04-19,33.248409,127.244057,215.335831,61.104
2017-04-20,33.664371,128.308517,217.088455,60.501999
2017-04-21,33.624187,128.27948,216.396606,61.119999
2017-04-24,33.947983,129.827835,218.77652,61.605999
2017-04-25,34.158321,130.766495,220.049515,62.757999
2017-04-26,33.957432,130.582672,219.911163,62.034
2017-04-27,33.983429,131.36647,220.095627,61.726002
2017-04-28,33.950336,131.59877,219.615982,62.813999
2017-05-01,34.642822,132.769638,220.169434,64.566002
2017-05-02,34.862617,132.992203,220.252441,63.778
2017-05-03,34.756271,132.566467,219.984909,62.203999
2017-05-04,34.631001,132.614822,220.24324,59.091999
2017-05-05,35.205315,133.098663,221.110321,61.669998
2017-05-08,36.162495,133.389008,221.073425,61.438
2017-05-09,36.394115,133.853516,220.870499,64.251999
2017-05-10,36.221581,133.930878,221.267166,65.043999
2017-05-11,36.534832,133.824478,220.815155,64.620003
2017-05-12,37.045063,134.124481,220.446182,64.961998
2017-05-15,36.950134,134.550232,221.663818,63.175999
2017-05-16,36.89555,135.111511,221.460846,63.402
2017-05-17,35.656765,131.676163,217.531204,61.222
2017-05-18,36.200222,132.827682,218.407562,62.612
2017-05-19,36.323624,133.389008,219.82811,62.166
2017-05-22,36.544334,134.51152,220.944321,62.07
2017-05-23,36.499229,134.647049,221.433151,60.771999
2017-05-24,36.390079,135.266373,221.949753,62.043999
2017-05-25,36.515846,136.417953,223.010559,63.366001
2017-05-26,36.454144,136.659851,222.964447,65.028
2017-05-30,36.46838,136.775986,222.770721,67.019997
2017-05-31,36.252426,136.72757,222.715363,68.202003
2017-06-01,36.352093,137.259827,224.486511,68.073997
2017-06-02,36.8908,138.827545,225.233643,67.970001
2017-06-05,36.530079,138.798492,225.067627,69.463997
2017-06-06,36.6535,138.246857,224.348129,70.57
2017-06-07,36.871826,138.788818,224.763229,71.93
2017-06-08,36.781643,138.933975,224.873901,74.0
2017-06-09,35.355362,135.459915,224.532608,71.463997
2017-06-12,34.510525,134.7341,224.486511,71.802002
2017-06-13,34.788185,135.827637,225.584183,75.190002
2017-06-14,34.448822,135.23732,225.298233,76.132004
2017-06-15,34.242363,134.637344,224.864685,75.068001
2017-06-16,33.762974,134.053177,224.913773,74.279999
2017-06-19,34.728855,136.294724,226.786255,73.959999
2017-06-20,34.413219,135.227295,225.25679,74.447998
2017-06-21,34.617317,136.566406,225.201157,75.279999
2017-06-22,34.560356,136.527573,225.099197,76.522003
2017-06-23,34.714615,137.051575,225.368011,76.690002
2017-06-26,34.605457,136.411133,225.516296,75.498001
2017-06-27,34.109459,133.936752,223.699539,72.473999
2017-06-28,34.607826,135.867737,225.701721,74.248001
2017-06-29,34.097595,133.509796,223.718079,72.150002
2017-06-30,34.178288,133.55835,224.135162,72.321999
2017-07-03,34.054886,132.151321,224.515244,70.524002
2017-07-05,34.194893,133.451569,225.034332,65.417999
2017-07-06,33.872143,132.248337,222.976501,61.765999
2017-07-07,34.216255,133.674759,224.422546,62.644001
2017-07-10,34.425091,134.548096,224.663544,63.209999
2017-07-11,34.536636,134.926498,224.496719,65.444
2017-07-12,34.586472,136.527573,226.183716,65.903999
2017-07-13,35.068222,136.828384,226.563751,64.681999
2017-07-14,35.36961,137.905487,227.620468,65.556
2017-07-17,35.493011,137.973404,227.592682,63.914001
2017-07-18,35.616421,138.895218,227.713181,65.648003
2017-07-19,35.839497,139.710312,228.946045,65.052002
2017-07-20,35.678127,139.894638,229.047989,65.984001
2017-07-21,35.661507,139.836441,228.84407,65.68
2017-07-24,36.09343,140.476852,228.788437,68.503998
2017-07-25,36.247681,140.117874,229.344589,67.919998
2017-07-26,36.418549,140.573929,229.353882,68.769997
2017-07-27,35.730339,139.690903,229.140671,66.891998
2017-07-28,35.478767,139.574463,228.871872,67.014
2017-07-31,35.296051,138.982544,228.742096,64.694
2017-08-01,35.609299,139.302765,229.251923,63.914001
2017-08-02,37.291874,139.681198,229.363159,65.178001
2017-08-03,36.919289,139.137787,228.918228,69.417999
2017-08-04,37.113892,139.390106,229.335327,71.382004
2017-08-07,37.688194,140.273102,229.761734,71.033997
2017-08-08,37.989586,140.030518,229.196274,73.043999
2017-08-09,38.222153,139.846161,229.187027,72.706001
2017-08-10,37.004704,136.847748,225.951996,71.080002
2017-08-11,37.519325,137.886047,226.28569,71.573997
2017-08-14,38.083965,139.661789,228.5289,72.760002
2017-08-15,38.500908,139.75882,228.501083,72.466003
2017-08-16,38.346035,140.001389,228.899704,72.582001
2017-08-17,37.609848,137.13887,225.330917,70.384003
2017-08-18,37.524082,137.04184,224.978714,69.491997
2017-08-21,37.454987,136.867203,225.154816,67.571999
2017-08-22,38.067284,138.953415,227.509262,68.269997
2017-08-23,38.114933,138.458542,226.693542,70.554001
2017-08-24,37.945786,138.051025,226.165207,70.585999
2017-08-25,38.086346,137.759933,226.693542,69.610001
2017-08-28,38.469929,138.186905,226.70282,69.132004
2017-08-29,38.813015,138.730286,226.962372,69.472
2017-08-30,38.917839,140.360443,228.037613,70.636002
2017-08-31,39.072697,141.864471,229.409515,71.18
2017-09-01,39.08461,141.670395,229.733917,71.080002
2017-09-05,38.615273,140.399261,228.083954,69.917999
2017-09-06,38.574757,140.826202,228.862625,68.905998
2017-09-07,38.419895,141.156143,228.834778,70.122002
2017-09-08,37.793308,139.933517,228.565979,68.68
2017-09-11,38.477085,141.544281,231.003845,72.737999
2017-09-12,38.3246,141.883881,231.782486,72.550003
2017-09-13,38.03632,142.077957,231.893692,73.246002
2017-09-14,37.709923,141.243469,231.819565,75.528
2017-09-15,38.091118,141.728638,232.131668,75.961998
2017-09-18,37.802837,141.542877,232.625351,77.0
2017-09-19,37.817123,141.785995,232.858246,75.019997
2017-09-20,37.183392,141.348419,232.942093,74.781998
2017-09-21,36.544888,140.482941,232.317932,73.295998
2017-09-22,36.187523,140.346771,232.364517,70.218002
2017-09-25,35.868259,138.868637,231.88942,68.998001
2017-09-26,36.485321,139.228424,232.02916,69.050003
2017-09-27,36.74501,140.482941,232.932755,68.194
2017-09-28,36.518677,140.43425,233.212219,67.919998
2017-09-29,36.7188,141.445618,234.031952,68.220001
2017-10-02,36.644947,141.572052,235.047363,68.306
2017-10-03,36.804577,141.873535,235.550385,69.627998
2017-10-04,36.566326,142.009644,235.829895,71.001999
2017-10-05,37.021374,143.400299,237.227188,71.066002
2017-10-06,36.999935,143.594788,236.957047,71.375999
2017-10-09,37.12859,143.429474,236.565765,68.587997
2017-10-10,37.142887,143.536453,237.189911,71.117996
2017-10-11,37.297749,143.96434,237.5625,70.919998
2017-10-12,37.166714,143.701767,237.208542,71.136002
2017-10-13,37.402584,144.256073,237.497314,71.113998
2017-10-16,38.091118,144.752029,237.814056,70.120003
2017-10-17,38.231678,144.936813,237.981735,71.150002
2017-10-18,38.062523,144.76178,238.214615,71.93
2017-10-19,37.161949,144.226898,238.279816,70.362
2017-10-20,37.226273,144.615906,239.50943,69.019997
2017-10-23,37.207218,143.672592,238.577896,67.403999
2017-10-24,37.428795,143.915741,238.997116,67.468002
2017-10-25,37.264393,143.371124,237.814056,65.167999
2017-10-26,37.50264,142.914063,238.12146,65.234001
2017-10-27,38.846359,147.076248,240.06839,64.174004
2017-10-30,39.720734,147.406906,239.174133,64.015999
2017-10-31,40.27346,147.961166,239.546692,66.306
2017-11-01,39.761238,147.912582,239.863449,64.216003
2017-11-02,40.051903,147.630554,239.956573,59.852001
2017-11-03,41.097809,149.050369,240.757736,61.217999
2017-11-06,41.51474,149.556015,241.130341,60.556
2017-11-07,41.648167,149.643555,240.962692,61.209999
2017-11-08,41.988853,150.246475,241.372528,60.877998
2017-11-09,41.903088,149.458786,240.496902,60.598
2017-11-10,41.764408,149.449081,240.422363,60.598
2017-11-13,41.597031,149.633804,240.645905,63.080002
2017-11-14,40.968189,149.089264,240.087036,61.740002
2017-11-15,40.427811,148.389084,238.88533,62.259998
2017-11-16,40.910809,150.285385,240.916061,62.5
2017-11-17,40.683651,149.711594,240.208099,63.009998
2017-11-20,40.643002,149.594925,240.618011,61.748001
2017-11-21,41.398575,151.218948,242.192291,63.562
2017-11-22,41.833748,151.403717,241.978043,62.52
2017-11-24,41.83614,151.958038,242.536972,63.110001
2017-11-27,41.625725,151.889954,242.415894,63.362
2017-11-28,41.381844,152.278931,244.875183,63.509998
2017-11-29,40.523453,149.62413,244.726074,61.507999
2017-11-30,41.090134,150.878601,246.868668,61.77
2017-12-01,40.898849,150.236786,246.356308,61.306
2017-12-04,40.599964,148.505753,246.058197,61.040001
2017-12-05,40.56171,148.603012,245.173233,60.740002
2017-12-06,40.411072,149.273987,245.219818,62.652
2017-12-07,40.485191,149.779724,245.993011,62.248001
2017-12-08,40.497147,150.440964,247.334396,63.026001
2017-12-11,41.286198,151.607956,248.079697,65.781998
2017-12-12,41.054268,151.403717,248.517426,68.206001
2017-12-13,41.190552,151.695465,248.489578,67.806
2017-12-14,41.178596,151.588486,247.474182,67.578003
2017-12-15,41.597031,153.309769,249.534927,68.690002
2017-12-18,42.182835,154.595154,251.117294,67.774002
2017-12-19,41.733322,153.679092,250.153,66.220001
2017-12-20,41.687897,153.513428,250.021851,65.795998
2017-12-21,41.845692,153.532898,250.536896,66.332001
2017-12-22,41.845692,153.357483,250.471313,65.040001
2017-12-26,40.784073,152.52919,250.171661,63.458
2017-12-27,40.791248,152.548676,250.293381,62.327999
2017-12-28,40.906021,152.733826,250.808395,63.071999
2017-12-29,40.46368,151.788513,249.862671,62.27
2018-01-02,41.188168,154.448959,251.651047,64.106003
2018-01-03,41.180981,155.949707,253.242706,63.450001
2018-01-04,41.372272,156.222534,254.310089,62.924
2018-01-05,41.843311,157.791473,256.004913,63.316002
2018-01-08,41.687897,158.405426,256.472992,67.281998
2018-01-09,41.683117,158.415207,257.053528,66.737999
2018-01-10,41.67355,158.044861,256.660339,66.959999
2018-01-11,41.910255,159.126602,258.532898,67.589996
2018-01-12,42.34304,160.296005,260.218231,67.244003
2018-01-16,42.127853,159.837936,259.328796,68.012001
2018-01-17,42.823643,161.56282,261.800659,69.431999
2018-01-18,42.861897,161.592072,261.360504,68.914001
2018-01-19,42.670616,162.098801,262.549622,70.003998
2018-01-22,42.321518,163.833389,264.684357,70.311996
2018-01-23,42.331081,165.187973,265.246216,70.557999
2018-01-24,41.656811,164.116028,265.143188,69.178001
2018-01-25,40.913197,164.057571,265.255524,67.528
2018-01-26,41.008831,166.571793,268.326691,68.57
2018-01-29,40.160023,165.762955,266.547577,69.905998
2018-01-30,39.923294,164.398621,263.81366,69.164001
2018-01-31,40.033283,165.08075,263.944702,70.862
2018-02-01,40.116974,163.677521,263.645081,69.849998
2018-02-02,38.376297,160.412903,257.905548,68.75
2018-02-05,37.41748,154.088364,247.119293,66.625999
2018-02-06,38.981232,158.171555,251.988098,66.793999
2018-02-07,38.146759,156.125122,250.621078,69.0
2018-02-08,37.097084,149.537445,241.220581,63.046001
2018-02-09,37.550827,152.119904,244.844086,62.084
2018-02-12,39.063343,154.819275,248.439545,63.146
2018-02-13,39.454666,155.618347,249.057465,64.732002
2018-02-14,40.182102,158.53212,252.418793,64.461998
2018-02-15,41.531357,161.475143,255.639694,66.814003
2018-02-16,41.396904,160.753983,255.714569,67.098
2018-02-20,41.257664,161.075577,254.113525,66.954002
2018-02-21,41.0704,160.617569,252.849518,66.660004
2018-02-22,41.413719,160.598083,253.1772,69.234001
2018-02-23,42.133953,163.882141,257.212708,70.410004
2018-02-26,42.967026,166.055267,260.199524,71.484001
2018-02-27,42.827785,163.999084,256.950562,70.197998
2018-02-28,42.762951,162.946625,254.34758,68.612
2018-03-01,42.013916,160.286209,250.649155,66.185997
2018-03-02,42.304409,161.757736,251.941299,67.024002
2018-03-05,42.450855,163.550827,254.85318,66.669998
2018-03-06,42.414848,164.242691,255.499283,65.639999
2018-03-07,42.021111,164.622787,255.405563,66.459999
2018-03-08,42.479668,165.529083,256.641602,65.82
2018-03-09,43.209507,168.744919,261.107697,65.433998
2018-03-12,43.627247,169.641449,260.78006,69.101997
2018-03-13,43.207108,167.331879,259.094604,68.367996
2018-03-14,42.839787,167.302673,257.765106,65.325996
2018-03-15,42.890202,167.156464,257.484192,65.120003
2018-03-16,42.73896,166.659485,257.763458,64.269997
2018-03-19,42.085941,163.103592,254.275833,62.712002
2018-03-20,42.071526,163.640427,254.708221,62.110001
2018-03-21,41.118416,162.927902,254.219376,63.306
2018-03-22,40.53743,158.906464,247.864624,61.82
2018-03-23,39.598709,154.719009,242.581482,60.307999
2018-03-26,41.478531,160.468155,249.218292,60.835999
2018-03-27,40.414982,155.275391,244.978653,55.835999
2018-03-28,39.968433,153.489182,244.254807,51.556
2018-03-29,40.280533,156.300308,247.375793,53.226002
2018-04-02,40.016445,151.790787,242.03627,50.495998
2018-04-03,40.426983,153.498917,245.138504,53.506001
2018-04-04,41.200047,155.919632,247.761292,57.388
2018-04-05,41.485737,156.807861,249.716568,61.144001
2018-04-06,40.424587,152.884048,244.151413,59.860001
2018-04-09,40.825516,153.957687,245.35466,57.931999
2018-04-10,41.593777,157.354477,249.255905,60.939999
2018-04-11,41.399311,156.446716,247.949265,60.186001
2018-04-12,41.807449,158.330551,249.989151,58.816002
2018-04-13,41.949097,157.510666,249.255905,60.068001
2018-04-16,42.210777,158.711212,251.305206,58.242001
2018-04-17,42.791775,162.127533,253.99379,57.537998
2018-04-18,42.695732,162.459396,254.181793,58.669998
2018-04-19,41.485737,160.965988,252.771759,60.015999
2018-04-20,39.785969,158.418396,250.628372,58.048
2018-04-23,39.670734,158.018204,250.590775,56.674
2018-04-24,39.118557,154.670273,247.215973,56.692001
2018-04-25,39.289009,154.855682,247.827011,56.138
2018-04-26,39.425861,158.115829,250.34639,57.096001
2018-04-27,38.969704,158.21344,250.58136,58.816002
2018-04-30,39.675533,157.090927,248.654297,58.779999
2018-05-01,40.597443,158.886932,249.096054,59.984001
2018-05-02,42.390839,157.94989,247.422806,60.23
2018-05-03,42.467651,157.930344,246.877594,56.889999
2018-05-04,44.133812,160.926941,250.073792,58.818001
2018-05-07,44.453117,162.264191,250.9198,60.554001
2018-05-08,44.66679,162.098267,250.9198,60.394001
2018-05-09,44.9813,163.86496,253.345169,61.369999
2018-05-10,45.62471,165.563339,255.714096,61.004002
2018-05-11,45.451187,165.407166,256.494354,60.212002
2018-05-14,45.345131,165.690186,256.616608,58.394001
2018-05-15,44.933029,163.855209,254.849274,56.835999
2018-05-16,45.352371,164.93866,255.920853,57.296001
2018-05-17,45.065578,164.304184,255.704712,56.908001
2018-05-18,44.901691,163.454987,255.065414,55.363998
2018-05-21,45.219818,164.372482,256.983154,56.897999
2018-05-22,45.106548,164.157761,256.268707,55.001999
2018-05-23,45.395741,165.543839,256.973755,55.813999
2018-05-24,45.345131,165.49501,256.447327,55.57
2018-05-25,45.448769,165.66095,255.836304,55.77
2018-05-29,45.284882,164.928879,252.893967,56.751999
2018-05-30,45.188477,166.109955,256.268707,58.344002
2018-05-31,45.036648,166.002563,254.698837,56.945999
2018-06-01,45.848846,168.608719,257.199402,58.363998
2018-06-04,46.232029,170.131409,258.421448,59.348
2018-06-05,46.588726,170.658478,258.609497,58.226002
2018-06-06,46.750198,171.654083,260.771606,63.900002
2018-06-07,46.624882,170.258316,260.743378,63.217999
2018-06-08,46.200706,170.268066,261.514252,63.532001
2018-06-11,46.08744,170.726807,261.862122,66.419998
2018-06-12,46.340492,171.624832,262.200562,68.554001
2018-06-13,45.959698,171.615082,261.363831,68.956001
2018-06-14,45.983807,173.352493,262.021851,71.543999
2018-06-15,45.511433,172.747299,261.687622,71.634003
2018-06-18,45.487335,172.647537,261.149353,74.166
2018-06-19,44.75227,172.158447,260.148468,70.510002
2018-06-20,44.947483,173.381165,260.592224,72.444
2018-06-21,44.696838,171.874786,258.958618,69.501999
2018-06-22,44.566696,171.493301,259.430786,66.725998
2018-06-25,43.903923,167.629501,255.8992,66.601997
2018-06-26,44.448601,168.314255,256.465668,68.400002
2018-06-27,44.38353,166.025299,254.341141,68.900002
2018-06-28,44.70647,167.453445,255.795349,69.986
2018-06-29,44.612488,167.903366,256.163544,68.589996
2018-07-02,45.11137,169.02829,256.711243,67.014
2018-07-03,44.325691,167.071945,255.804749,62.172001
2018-07-05,44.682381,169.145645,257.891571,61.832001
2018-07-06,45.301758,171.776962,260.072876,61.779999
2018-07-09,45.930782,173.322464,262.414673,63.702
2018-07-10,45.875355,173.449661,263.358978,64.494003
2018-07-11,45.280064,172.569275,261.432648,63.792
2018-07-12,46.039238,175.542923,263.802765,63.341999
2018-07-13,46.111534,175.689667,264.010529,63.773998
2018-07-16,46.010315,175.269028,263.774475,62.02
2018-07-17,46.140457,176.33522,264.841461,64.538002
2018-07-18,45.887398,176.002655,265.39856,64.769997
2018-07-19,46.244095,175.122314,264.397705,64.045998
2018-07-20,46.13805,175.083191,264.09549,62.716
2018-07-23,46.17902,175.640747,264.586548,60.639999
2018-07-24,46.514015,176.364594,265.917938,59.486
2018-07-25,46.952644,178.82959,268.184265,61.748001
2018-07-26,46.805626,176.120071,267.551544,61.330002
2018-07-27,46.027184,173.743088,265.738556,59.436001
2018-07-30,45.769318,171.287842,264.350494,58.034
2018-07-31,45.860893,172.598602,265.653534,59.627998
2018-08-01,48.562565,173.253983,265.209778,60.167999
2018-08-02,49.982075,175.611389,266.65448,69.907997
2018-08-03,50.12669,176.149399,267.797028,69.634003
2018-08-06,50.386978,177.186264,268.779175,68.398003
2018-08-07,49.914597,177.831833,269.666748,75.914001
2018-08-08,49.948341,178.047043,269.553375,74.068001
2018-08-09,50.341183,177.939438,269.185242,70.489998
2018-08-10,50.191231,176.579788,267.381622,71.098
2018-08-13,50.515316,176.384171,266.380646,71.281998
2018-08-14,50.728138,177.489487,268.080383,69.528
2018-08-15,50.846645,175.317932,266.078583,67.737999
2018-08-16,51.591549,175.895096,268.231445,67.089996
2018-08-17,52.621838,175.934174,269.17569,61.099998
2018-08-20,52.109108,175.777695,269.751709,61.688
2018-08-21,52.007534,176.423294,270.384338,64.379997
2018-08-22,52.009953,177.108002,270.223907,64.328003
2018-08-23,52.116367,176.853653,269.865021,64.019997
2018-08-24,52.278397,178.496994,271.489197,64.564003
2018-08-27,52.7089,180.316406,273.632721,63.854
2018-08-28,53.134552,180.580521,273.764923,62.372002
2018-08-29,53.927818,182.664001,275.237976,61.001999
2018-08-30,54.423622,182.341232,274.123749,60.630001
2018-08-31,55.052433,182.576004,274.133209,60.332001
2018-09-04,55.228985,181.793457,273.661041,57.790001
2018-09-05,54.868622,179.445816,272.92453,56.147999
2018-09-06,53.956844,177.841629,272.102966,56.189999
2018-09-07,53.521511,177.156906,271.574188,52.647999
2018-09-10,52.803219,177.753616,272.046326,57.099998
2018-09-11,54.138241,179.123001,272.943359,55.888
2018-09-12,53.465893,178.594803,273.009491,58.108002
2018-09-13,54.757374,180.502274,274.624207,57.891998
2018-09-14,54.135807,179.974045,274.671448,59.040001
2018-09-17,52.694386,177.381897,273.217194,58.967999
2018-09-18,52.781452,178.849152,274.699738,56.992001
2018-09-19,52.812885,178.712219,274.992401,59.804001
2018-09-20,53.214363,180.688141,277.220947,59.666
2018-09-21,52.641178,179.70015,276.967712,59.82
2018-09-24,53.398163,180.199951,276.047577,59.936001
2018-09-25,53.736767,180.444916,275.791504,60.198002
2018-09-26,53.308685,180.572281,274.966278,61.916
2018-09-27,54.404259,182.101013,275.734619,61.504002
2018-09-28,54.595329,182.061798,275.763092,52.953999
2018-10-01,54.962952,182.434158,276.721069,62.139999
2018-10-02,55.451477,182.022583,276.559814,60.203999
2018-10-03,56.126247,182.218597,276.711578,58.959999
2018-10-04,55.139496,178.72023,274.54892,56.366001
2018-10-05,54.244637,176.534958,273.012238,52.389999
2018-10-08,54.118885,175.457047,273.012238,50.112
2018-10-09,54.868622,176.025406,272.6138,52.560001
2018-10-10,52.326771,168.283936,263.981995,51.375999
2018-10-11,51.864838,166.196686,258.167419,50.445999
2018-10-12,53.717419,170.821976,261.75293,51.756001
2018-10-15,52.568619,168.754303,260.282623,51.917999
2018-10-16,53.727093,173.663757,265.973969,55.318001
2018-10-17,53.494907,173.732346,266.021393,54.355999
2018-10-18,52.244541,169.704834,262.179779,52.782001
2018-10-19,53.040226,169.54805,262.037476,52.0
2018-10-22,53.364307,170.420181,260.861206,52.189999
2018-10-23,53.867359,169.79303,259.533264,58.827999
2018-10-24,52.019619,162.022141,251.669846,57.700001
2018-10-25,53.158737,167.627396,256.184937,62.972
2018-10-26,52.312267,163.315689,251.679321,66.18
2018-10-29,51.330353,159.954498,250.284943,66.970001
2018-10-30,51.586712,162.59053,253.993729,65.980003
2018-10-31,52.9314,166.412277,256.706635,67.463997
2018-11-01,53.744019,168.6073,259.438477,68.856003
2018-11-02,50.179138,165.98111,257.901825,69.281998
2018-11-05,48.754642,165.569504,259.324677,68.279999
2018-11-06,49.281876,166.823837,260.965607,68.211998
2018-11-07,50.776505,172.056656,266.552582,69.632004
2018-11-08,50.599346,170.959152,266.068817,70.279999
2018-11-09,49.623714,168.078156,263.469788,70.101997
2018-11-12,47.123962,162.99231,258.546814,66.255997
2018-11-13,46.653137,163.129471,258.063049,67.746002
2018-11-14,45.335308,161.884995,256.298706,68.800003
2018-11-15,46.454132,164.716995,258.973602,69.688004
2018-11-16,46.968636,164.138824,259.647156,70.862
2018-11-19,45.107174,158.807968,255.255371,70.694
2018-11-20,42.952045,155.966171,250.53157,69.498001
2018-11-21,42.903503,157.151901,251.385284,67.638
2018-11-23,41.813805,156.015198,249.706314,65.166
2018-11-26,42.379288,159.621307,253.737656,69.199997
2018-11-27,42.287064,160.160309,254.59137,68.783997
2018-11-28,43.913113,165.314743,260.453339,69.573997
2018-11-29,43.575779,164.775787,259.884308,68.234001
2018-11-30,43.340359,165.971298,261.468323,70.096001
2018-12-03,44.854778,168.871887,264.930542,71.697998
2018-12-04,42.88166,162.394516,256.34613,71.940002
2018-12-06,42.403557,163.541061,255.957306,72.612
2018-12-07,40.891571,158.141647,250.009903,71.594002
2018-12-10,41.160957,159.797729,250.484131,73.029999
2018-12-11,40.925552,160.326904,250.541046,73.351997
2018-12-12,41.039616,161.738007,251.802597,73.32
2018-12-13,41.488598,161.786972,251.717224,75.358002
2018-12-14,40.16106,157.847626,247.069336,73.141998
2018-12-17,39.787315,154.270889,242.222244,69.683998
2018-12-18,40.304256,155.241043,241.956635,67.405998
2018-12-19,39.047089,151.429077,238.333176,66.594002
2018-12-20,38.061756,149.234009,234.453568,63.076
2018-12-21,36.581326,144.608749,229.649765,63.953999
2018-12-24,35.634811,141.022751,223.581741,59.077999
2018-12-26,38.144272,149.828094,234.878174,65.218002
2018-12-27,37.896729,150.407852,236.681427,63.226002
2018-12-28,37.916138,150.329254,236.376099,66.774002
2018-12-31,38.282608,151.59697,238.446472,66.559998
2019-01-02,38.326294,152.206284,238.694534,62.023998
2019-01-03,34.508713,147.233673,232.998627,60.071999
2019-01-04,35.981865,153.532974,240.80307,63.537998
2019-01-07,35.901775,155.360886,242.701706,66.991997
2019-01-08,36.586174,156.76619,244.981949,67.07
2019-01-09,37.207478,158.043747,246.126907,67.706001
2019-01-10,37.326397,158.495789,246.995132,68.994003
2019-01-11,36.959919,157.916,247.090546,69.452003
2019-01-14,36.404156,156.520493,245.583084,66.879997
2019-01-15,37.14922,159.576797,248.397644,68.886002
2019-01-16,37.603058,159.547333,248.998749,69.209999
2019-01-17,37.826344,160.805237,250.887787,69.461998
2019-01-18,38.059338,162.397278,254.227127,60.452
2019-01-22,37.205051,159.144424,250.792389,59.784
2019-01-23,37.355515,159.350769,251.317139,57.518002
2019-01-24,37.059429,160.382645,251.450745,58.301998
2019-01-25,38.287457,162.298996,253.578323,59.408001
2019-01-28,37.933121,160.294235,251.651108,59.276001
2019-01-29,37.539967,158.780792,251.317139,59.492001
2019-01-30,40.10524,162.819824,255.295746,61.754002
2019-01-31,40.394047,165.257034,257.537842,61.403999
2019-02-01,40.413464,164.55928,257.661865,62.442001
2019-02-04,41.561409,166.603363,259.47464,62.577999
2019-02-05,42.272499,168.077469,260.562286,64.269997
2019-02-06,42.287064,167.576279,260.218811,63.444
2019-02-07,41.486172,165.325836,257.738251,61.501999
2019-02-08,41.53492,165.650131,258.053009,61.16
2019-02-11,41.296062,165.492889,258.196136,62.568001
2019-02-12,41.651909,167.939911,261.516418,62.362
2019-02-13,41.478867,168.057846,262.36554,61.633999
2019-02-14,41.629974,168.264206,261.783539,60.754002
2019-02-15,41.537354,168.971786,264.636261,61.576
2019-02-19,41.661655,169.305908,265.094238,61.127998
2019-02-20,41.929768,169.276413,265.62851,60.512001
2019-02-21,41.693348,168.657288,264.68399,58.245998
2019-02-22,42.158886,169.905365,266.325043,58.942001
2019-02-25,42.465984,170.52449,266.687561,59.754002
2019-02-26,42.49036,170.701385,266.496735,59.571999
2019-02-27,42.621986,170.593277,266.382263,62.948002
2019-02-28,42.202755,170.200211,265.886169,63.976002
2019-03-01,42.646351,171.379486,267.546265,58.958
2019-03-04,42.86084,171.408966,266.57309,57.071999
2019-03-05,42.782837,171.536697,266.210541,55.307999
2019-03-06,42.536671,170.563782,264.598053,55.248001
2019-03-07,42.044338,168.470566,262.384552,55.318001
2019-03-08,42.14426,168.215057,261.859863,56.827999
2019-03-11,43.604229,171.713593,265.657135,58.183998
2019-03-12,44.094139,172.657043,266.658905,56.672001
2019-03-13,44.289131,173.954254,268.424011,57.792
2019-03-14,44.781467,173.659454,268.252258,57.992001
2019-03-15,45.363991,175.271088,269.577576,55.085999
2019-03-18,45.827099,175.688538,270.555054,53.897999
2019-03-19,45.463936,176.279266,270.622162,53.493999
2019-03-20,45.861225,176.978271,269.807587,54.720001
2019-03-21,47.550301,179.744812,272.854919,54.804001
2019-03-22,46.56562,175.796829,267.603577,52.905998
2019-03-25,46.00259,175.462112,267.402283,52.084
2019-03-26,45.527302,176.279266,269.395538,53.554001
2019-03-27,45.936771,175.147049,267.986847,54.966
2019-03-28,45.997711,175.550705,269.002625,55.723999
2019-03-29,46.297508,176.879837,270.698822,55.972
2019-04-01,46.611931,179.222992,273.909058,57.835999
2019-04-02,47.289509,179.902328,274.043213,57.175999
2019-04-03,47.613682,180.936066,274.474457,58.362
2019-04-04,47.696541,180.867157,275.202759,53.556
2019-04-05,48.015839,181.80246,276.534821,54.992001
2019-04-08,48.771416,182.265198,276.745636,54.639999
2019-04-09,48.625175,181.625229,275.327362,54.462002
2019-04-10,48.898163,182.599915,276.26651,55.212002
2019-04-11,48.491123,182.166718,276.189819,53.683998
2019-04-12,48.471622,182.954346,278.058502,53.540001
2019-04-15,48.559372,182.983887,277.876434,53.276001
2019-04-16,48.56424,183.613983,278.058502,54.672001
2019-04-17,49.509941,184.253891,277.378143,54.245998
2019-04-18,49.687859,184.490219,277.924347,54.652
2019-04-22,49.85117,185.012009,278.163879,52.549999
2019-04-23,50.570183,187.365021,280.6651,52.779999
2019-04-24,50.492191,186.774338,280.042236,51.731998
2019-04-25,50.033966,187.532394,279.869659,49.526001
2019-04-26,49.795105,187.699738,281.172974,47.028
2019-04-29,49.870663,188.064056,281.61377,48.293999
2019-04-30,48.910343,186.606949,281.757507,47.737999
2019-05-01,51.311146,186.006378,279.639679,46.801998
2019-05-02,50.977226,185.199081,279.03595,48.82
2019-05-03,51.610935,188.152618,281.767151,51.006001
2019-05-06,50.813919,187.000763,280.607574,51.068001
2019-05-07,49.444126,183.358017,275.921448,49.411999
2019-05-08,49.453873,182.895264,275.538147,48.967999
2019-05-09,48.922535,181.910767,274.704468,48.396
2019-05-10,48.244781,182.137177,276.084442,47.903999
2019-05-13,45.440826,175.816544,269.146393,45.402
2019-05-14,46.160172,177.746201,271.580444,46.462002
2019-05-15,46.713131,180.256729,273.171173,46.389999
2019-05-16,46.507607,182.068268,275.701111,45.666
2019-05-17,46.243351,180.207535,273.91864,42.206001
2019-05-20,44.797333,177.165359,272.107544,41.071999
2019-05-21,45.656136,179.016281,274.56073,41.015999
2019-05-22,44.721481,178.218796,273.717468,38.546001
2019-05-23,43.958107,175.491638,270.372986,39.098
2019-05-24,43.789284,175.403061,270.986298,38.125999
2019-05-28,43.608219,174.743408,268.465942,37.740002
2019-05-29,43.400238,173.306,266.664398,37.972
2019-05-30,43.625347,174.034531,267.39267,37.644001
2019-05-31,42.835049,171.258194,263.789551,37.032001
2019-06-03,42.401974,167.487457,263.118683,35.793999
2019-06-04,43.953209,172.203354,268.830139,38.720001
2019-06-05,44.662766,173.483246,271.158783,39.318001
2019-06-06,45.318493,174.861542,272.922028,41.189999
2019-06-07,46.524731,178.238464,275.653198,40.900002
2019-06-10,47.119293,180.315811,276.918121,42.576
2019-06-11,47.664906,180.561935,276.851044,43.419998
2019-06-12,47.513214,179.518341,276.362274,41.852001
2019-06-13,47.503429,180.58165,277.502686,42.782001
2019-06-14,47.158436,179.813705,277.196045,42.984001
2019-06-17,47.439808,180.896683,277.301453,45.006001
2019-06-18,48.555523,183.525375,280.205048,44.948002
2019-06-19,48.413609,184.214539,280.837555,45.285999
2019-06-20,48.802647,185.927612,283.520813,43.924
2019-06-21,48.636265,185.651978,283.108643,44.372002
2019-06-24,48.587334,185.657867,282.761963,44.728001
2019-06-25,47.850872,182.47081,279.988647,43.952
2019-06-26,48.88583,183.319382,279.709381,43.854
2019-06-27,48.871162,184.019943,280.701263,44.568001
2019-06-28,48.425842,184.256744,282.14566,44.692001
2019-07-01,49.314011,186.743256,284.707153,45.433998
2019-07-02,49.602722,187.483261,285.448608,44.91
2019-07-03,50.013779,188.894241,287.730774,46.98
2019-07-05,49.969738,188.50943,287.403381,46.619999
2019-07-08,48.939663,187.187286,285.824188,46.068001
2019-07-09,49.238167,188.124619,286.18042,46.012001
2019-07-10,49.725063,189.999344,287.547852,47.784
2019-07-11,49.362949,189.861237,288.221954,47.720001
2019-07-12,49.742191,190.956451,289.512299,49.015999
2019-07-15,50.209526,191.568207,289.608582,50.700001
2019-07-16,50.035805,190.581497,288.674469,50.476002
2019-07-17,49.754429,189.644135,286.710052,50.972
2019-07-18,50.319626,189.861237,287.759735,50.708
2019-07-19,49.568481,188.469955,286.161194,51.636002
2019-07-22,50.701317,189.969742,286.864136,51.136002
2019-07-23,51.097691,191.213013,288.915222,52.034
2019-07-24,51.056091,192.554916,290.27298,52.976002
2019-07-25,50.652378,190.729507,288.886353,45.764
2019-07-26,50.828548,192.693054,290.821869,45.608002
2019-07-29,51.303204,192.031982,290.292267,47.153999
2019-07-30,51.083008,191.20314,289.579681,48.452
2019-07-31,52.125313,188.558777,286.41153,48.321999
2019-08-01,50.997364,187.621399,283.917511,46.77
2019-08-02,49.918362,184.858643,281.779694,46.868
2019-08-05,47.305233,178.326675,273.305756,45.664001
2019-08-06,48.200748,180.823013,277.138275,46.150002
2019-08-07,48.699883,181.79985,277.302032,46.683998
2019-08-08,49.773998,185.756546,282.742737,47.66
2019-08-09,49.363842,184.010071,280.816803,47.001999
2019-08-12,49.238586,181.898544,277.398315,45.801998
2019-08-13,51.323753,185.884827,281.712372,47.0
2019-08-14,49.796104,180.329651,273.382813,43.924
2019-08-15,49.548046,180.122482,274.10495,43.127998
2019-08-16,50.717117,183.013535,278.149445,43.987999
2019-08-19,51.662685,185.924286,281.500458,45.366001
2019-08-20,51.665146,184.483704,279.343506,45.172001
2019-08-21,52.225124,186.121628,281.616058,44.166
2019-08-22,52.180912,185.519714,281.529358,44.43
2019-08-23,49.769089,179.648895,274.297607,42.279999
2019-08-26,50.714664,182.362289,277.330933,43.0
2019-08-27,50.14241,181.977478,276.242767,42.816002
2019-08-28,50.478882,182.628693,278.187958,43.118
2019-08-29,51.333576,185.421051,281.741241,44.341999
2019-08-30,51.267269,184.977051,281.616058,45.122002
2019-09-03,50.52063,183.181244,279.969391,45.001999
2019-09-04,51.377789,185.825607,283.147156,44.136002
2019-09-05,52.382313,189.229706,286.78714,45.916
2019-09-06,52.377396,189.042267,287.008545,45.490002
2019-09-09,52.600899,188.647568,287.153107,46.358002
2019-09-10,53.222267,188.104889,287.085632,47.108002
2019-09-11,54.914482,189.871063,289.127136,49.419998
2019-09-12,54.791676,190.660461,290.128571,49.174
2019-09-13,53.725761,189.979614,289.935974,49.040001
2019-09-16,54.008205,189.131042,289.040436,48.562
2019-09-17,54.204685,190.038818,289.772339,48.958
2019-09-18,54.713081,189.9599,289.945648,48.698002
2019-09-19,54.268547,190.275635,289.926361,49.32
2019-09-20,53.475235,188.262772,288.556488,48.124001
2019-09-23,53.718391,188.345795,288.48877,48.245998
2019-09-24,53.462963,185.844421,286.225037,44.641998
2019-09-25,54.285732,187.930588,287.91803,45.740002
2019-09-26,54.005749,187.23848,287.318237,48.512001
2019-09-27,53.74295,184.915024,285.770447,48.425999
2019-09-30,55.007809,186.674911,287.095703,48.174
2019-10-01,55.16008,185.152359,283.680817,48.938
2019-10-02,53.77734,181.96875,278.669678,48.625999
2019-10-03,54.234154,183.965897,280.952759,46.605999
2019-10-04,55.754448,186.674911,284.754639,46.285999
2019-10-07,55.766727,186.111359,283.52597,47.543999
2019-10-08,55.113422,183.323257,279.124329,48.009998
2019-10-09,55.759354,185.112793,281.775055,48.905998
2019-10-10,56.510902,186.546371,283.680817,48.948002
2019-10-11,58.013992,188.948883,286.621674,49.577999
2019-10-14,57.930492,188.929138,286.30246,51.391998
2019-10-15,57.79541,191.331665,289.136993,51.577999
2019-10-16,57.56208,190.857086,288.672607,51.950001
2019-10-17,57.785587,191.361313,289.523926,52.394001
2019-10-18,58.063118,189.522354,288.256653,51.389999
2019-10-21,59.070095,191.203125,290.210754,50.700001
2019-10-22,58.935013,189.680527,289.262726,51.116001
2019-10-23,59.725849,190.046387,290.10434,50.936001
2019-10-24,59.824089,191.895218,290.578369,59.936001
2019-10-25,60.560913,193.427689,291.768341,65.625999
2019-10-28,61.167542,195.335876,293.412842,65.542
2019-10-29,59.752869,193.823166,293.325806,63.243999
2019-10-30,59.745499,194.762421,294.225464,63.001999
2019-10-31,61.096321,194.85141,293.441895,62.984001
2019-11-01,62.830284,196.621155,296.160339,62.661999
2019-11-04,63.242897,197.83725,297.350159,63.493999
2019-11-05,63.152023,197.945999,297.021271,63.444
2019-11-06,63.179039,197.501099,297.088959,65.316002
2019-11-07,63.908203,198.163528,298.133759,67.108002
2019-11-08,64.083115,198.954468,298.869019,67.428001
2019-11-11,64.590561,198.687546,298.298279,69.017998
2019-11-12,64.531456,199.260956,298.927063,69.986
2019-11-13,65.149765,199.310394,299.023804,69.222
2019-11-14,64.698952,199.152222,299.459076,69.870003
2019-11-15,65.467537,200.615494,301.626129,70.433998
2019-11-18,65.797638,200.773666,301.848572,69.998001
2019-11-19,65.598114,201.070282,301.761505,71.903999
2019-11-20,64.83445,199.864059,300.639374,70.444
2019-11-21,64.543762,199.419159,300.15564,70.966003
2019-11-22,64.487099,199.547684,300.823151,66.608002
2019-11-25,65.617805,201.910675,303.154602,67.267998
2019-11-26,65.105423,202.296265,303.841461,65.783997
2019-11-27,65.979942,203.710083,305.195831,66.258003
2019-11-29,65.834587,202.780716,304.063934,65.987999
2019-12-02,65.073395,200.704437,301.480988,66.973999
2019-12-03,63.913139,199.132446,299.459076,67.239998
2019-12-04,64.477242,200.140884,301.306854,66.606003
2019-12-05,65.423195,200.536377,301.848572,66.073997
2019-12-06,66.68692,202.681854,304.605682,67.178001
2019-12-09,65.753288,201.762344,303.64801,67.905998
2019-12-10,66.137589,201.594284,303.309326,69.767998
2019-12-11,66.701714,202.662048,304.17038,70.540001
2019-12-12,66.871681,204.174759,306.791992,71.935997
2019-12-13,67.780678,204.847076,306.9758,71.678001
2019-12-16,68.940941,206.903564,309.084747,76.300003
2019-12-17,69.076431,207.022186,309.152527,75.797997
2019-12-18,68.911392,207.180405,309.171783,78.629997
2019-12-19,68.98037,208.475586,310.439117,80.807999
2019-12-20,68.837479,209.315964,311.80011,81.117996
2019-12-23,69.960793,209.868866,312.27652,83.844002
2019-12-24,70.027298,209.977829,312.286255,85.050003
2019-12-26,71.416679,211.830704,313.948608,86.188004
2019-12-27,71.389565,211.652359,313.870819,86.075996
2019-12-30,71.813278,210.265198,312.140411,82.940002
2019-12-31,72.337982,210.66153,312.898682,83.666
2020-01-02,73.988472,214.178986,315.82489,86.052002
2020-01-03,73.269142,212.217133,313.43338,88.601997
2020-01-06,73.852974,213.584488,314.62912,90.307999
2020-01-07,73.505653,213.554764,313.744476,93.811996
2020-01-08,74.688065,215.159912,315.416595,98.428001
2020-01-09,76.274521,216.983047,317.555267,96.267998
2020-01-10,76.446945,216.428177,316.641449,95.629997
2020-01-13,78.080193,218.925064,318.819092,104.972
2020-01-14,77.025856,218.063065,318.333038,107.584
2020-01-15,76.695755,218.152237,319.052429,103.699997
2020-01-16,77.656479,220.242889,321.706451,102.697998
2020-01-17,78.516212,221.332825,322.707764,102.099998
2020-01-21,77.984123,221.233734,322.075836,109.440002
2020-01-22,78.262497,221.818329,322.114746,113.912003
2020-01-23,78.639381,222.531738,322.484161,114.440002
2020-01-24,78.412743,220.659058,319.616272,112.963997
2020-01-27,76.107002,216.101212,314.493011,111.603996
2020-01-28,78.260025,219.420502,317.788605,113.379997
2020-01-29,79.898186,219.777206,317.526154,116.197998
2020-01-30,79.78241,220.559982,318.55661,128.162003
2020-01-31,76.244949,217.062332,312.772308,130.113998
2020-02-03,76.035561,220.341995,315.095764,156.0
2020-02-04,78.545776,225.38533,319.898224,177.412003
2020-02-05,79.186264,226.128448,323.592377,146.940002
2020-02-06,80.112495,228.080399,324.681213,149.792007
2020-02-07,79.023552,227.099472,322.950806,149.613998
2020-02-10,79.398895,229.844101,325.361725,154.255997
2020-02-11,78.919846,229.883728,325.925629,154.876007
2020-02-12,80.794014,232.123016,328.025482,153.457993
2020-02-13,80.218674,231.825775,327.675476,160.800003
2020-02-14,80.238426,232.489624,328.200439,160.005997
2020-02-18,78.769218,232.578796,327.354706,171.679993
2020-02-19,79.910027,234.808167,328.91983,183.483994
2020-02-20,79.090218,232.628342,327.568573,179.882004
2020-02-21,77.300026,228.159683,324.19519,180.199997
2020-02-24,73.628235,219.361053,313.443085,166.757996
2020-02-25,71.134293,213.396225,303.945068,159.981995
2020-02-26,72.262741,214.496063,302.827118,155.759995
2020-02-27,67.539063,203.755402,289.226685,135.800003
2020-02-28,67.499542,203.91394,288.011414,133.598007
2020-03-02,73.783806,214.4366,300.484222,148.723999
2020-03-03,71.440475,207.560211,291.880615,149.102005
2020-03-04,74.754211,216.220108,304.149231,149.899994
2020-03-05,72.329414,209.650864,294.038818,144.908005
2020-03-06,71.368874,206.113586,289.17804,140.695999
2020-03-09,65.724159,191.796021,266.594849,121.599998
2020-03-10,70.45771,202.239441,280.38974,129.065994
2020-03-11,68.010681,193.430908,266.721161,126.846001
2020-03-12,61.294315,175.694931,241.202057,112.110001
2020-03-13,68.637871,190.577286,261.821472,109.323997
2020-03-16,59.807827,167.748428,233.172012,89.014
2020-03-17,62.43758,180.470749,245.761459,86.040001
2020-03-18,60.9091,174.981552,233.317841,72.244003
2020-03-19,60.442421,176.031815,233.813629,85.528
2020-03-20,56.605202,169.135605,223.737656,85.505997
2020-03-23,55.402664,169.257751,218.017075,86.858002
2020-03-24,60.96096,182.364655,237.770126,101.0
2020-03-25,60.625145,181.014236,241.329575,107.849998
2020-03-26,63.815422,190.546494,255.420746,105.632004
2020-03-27,61.173321,183.993057,247.812897,102.872002
2020-03-30,62.919079,190.685547,255.860779,100.426003
2020-03-31,62.79068,189.057083,252.047089,104.800003
2020-04-01,59.48682,181.024155,240.703751,96.311996
2020-04-02,60.479454,184.698074,246.258087,90.893997
2020-04-03,59.610279,182.076691,242.698624,96.001999
2020-04-06,64.810532,195.094223,258.999756,103.248001
2020-04-07,64.059875,195.014786,259.263794,109.089996
2020-04-08,65.699471,199.155365,267.966888,109.767998
2020-04-09,66.173561,199.443344,272.044617,114.599998
2020-04-13,67.472389,201.598007,269.560822,130.190002
2020-04-14,70.879951,210.365738,277.510956,141.977997
2020-04-15,70.233009,207.952866,271.61438,145.966003
2020-04-16,70.791069,211.745926,272.924713,149.042007
2020-04-17,69.830521,213.771545,280.297882,150.778
2020-04-20,68.381058,211.239548,275.35965,149.272003
2020-04-21,66.26738,203.444901,266.998779,137.343994
2020-04-22,68.176125,209.48201,272.924713,146.421997
2020-04-23,67.911926,209.035187,272.905151,141.126007
2020-04-24,69.872513,212.331757,276.709106,145.029999
2020-04-27,69.921898,214.039642,280.698761,159.75
2020-04-28,68.788506,210.008286,279.40802,153.824005
2020-04-29,71.047867,217.455399,286.722504,160.102005
2020-04-30,72.5467,217.366013,284.052917,156.376007
2020-05-01,71.378746,211.239548,276.533051,140.264008
2020-05-04,72.388672,213.702057,277.295837,152.238007
2020-05-05,73.475151,216.124832,279.857819,153.641998
2020-05-06,74.233208,217.455399,277.960754,156.516006
2020-05-07,75.001144,220.255508,281.31485,156.007996
2020-05-08,76.786293,223.274063,285.969543,163.884003
2020-05-11,77.994568,225.269882,286.028198,162.257996
2020-05-12,77.103203,220.553391,280.32724,161.882004
2020-05-13,76.172264,217.792984,275.369385,158.192001
2020-05-14,76.640213,220.265442,278.664825,160.666
2020-05-15,76.187126,221.695267,279.945831,159.834
2020-05-18,77.98217,225.825928,288.4729,162.725998
2020-05-19,77.531555,225.259964,285.509949,161.602005
2020-05-20,79.039398,229.758011,290.360168,163.112
2020-05-21,78.450134,227.255783,288.35556,165.520004
2020-05-22,78.955231,228.040192,288.903168,163.376007
2020-05-26,78.420418,227.424561,292.462585,163.774002
2020-05-27,78.762093,228.665726,296.814209,164.046005
2020-05-28,78.796761,228.367859,296.266541,161.162003
2020-05-29,78.720009,231.714096,297.586731,167.0
2020-06-01,79.688095,232.409164,298.789459,179.619995
2020-06-02,80.057007,233.968094,301.263519,176.311996
2020-06-03,80.497734,235.020615,305.272797,176.591995
2020-06-04,79.804459,233.372299,304.470917,172.876007
2020-06-05,82.07737,237.999451,312.274323,177.132004
2020-06-08,82.56266,239.846329,316.048981,189.983994
2020-06-09,85.169823,241.584,313.692291,188.134003
2020-06-10,87.361031,244.483398,311.941864,205.009995
2020-06-11,83.166786,232.369431,293.958771,194.567993
2020-06-12,83.884811,234.216339,297.479126,187.056
2020-06-15,84.922226,237.066086,300.256287,198.179993
2020-06-16,87.172859,241.137177,306.035522,196.425995
2020-06-17,87.051537,241.901749,304.764282,198.358002
2020-06-18,87.08622,242.557083,304.881653,200.792007
2020-06-19,86.588547,242.51738,303.139282,200.179993
2020-06-22,88.854027,245.425797,305.083954,198.863998
2020-06-23,90.750595,247.514603,306.488464,200.356003
2020-06-24,89.148659,242.411926,298.670319,192.169998
2020-06-25,90.332161,244.719574,301.872223,197.195999
2020-06-26,87.556641,238.940521,294.702362,191.947998
2020-06-29,89.574524,241.546555,299.033783,201.869995
2020-06-30,90.322243,246.281219,302.864197,215.962006
2020-07-01,90.151413,249.155807,304.985718,223.925995
2020-07-02,90.151413,250.846756,306.665283,241.731995
2020-07-06,92.562973,257.013763,311.399353,274.31601
2020-07-07,92.275764,255.243179,308.187622,277.971985
2020-07-08,94.424889,258.605194,310.544891,273.175995
2020-07-09,94.83094,260.783569,308.776947,278.855988
2020-07-10,94.996826,262.564026,311.929749,308.929993
2020-07-13,94.558586,257.162933,309.22876,299.411987
2020-07-14,96.123383,258.983185,313.236053,303.359985
2020-07-15,96.784454,259.510315,316.113831,309.201996
2020-07-16,95.593529,257.739838,315.072723,300.127991
2020-07-17,95.400414,258.0383,315.986115,300.167999
2020-07-20,97.410858,265.35907,318.539825,328.600006
2020-07-21,96.066437,262.593842,319.217499,313.671997
2020-07-22,96.336304,263.51889,321.034546,318.466003
2020-07-23,91.951424,256.635773,317.204041,302.614014
2020-07-24,91.723648,254.198792,315.161102,283.399994
2020-07-27,93.897514,258.734528,317.459381,307.920013
2020-07-28,92.355003,255.442154,315.445953,295.298004
2020-07-29,94.125298,258.386353,319.325531,299.821991
2020-07-30,95.264229,259.739166,318.186188,297.497986
2020-07-31,105.237305,264.374329,320.700592,286.152008
2020-08-03,107.889046,267.945221,322.930176,297.0
2020-08-04,108.609543,268.939911,324.177521,297.399994
2020-08-05,109.00322,269.606262,326.190948,297.003998
2020-08-06,112.806244,273.177216,328.371399,297.915985
2020-08-07,110.241524,270.024048,328.607147,290.541992
2020-08-10,111.843857,268.870239,329.589325,283.713989
2020-08-11,108.517632,263.777527,326.868683,274.877991
2020-08-12,112.124146,270.411957,331.425964,310.951996
2020-08-13,114.108459,271.028717,330.826813,324.200012
2020-08-14,114.006767,270.710388,330.836639,330.141998
2020-08-17,113.709129,273.853577,331.887604,367.127991
2020-08-18,114.656639,276.489441,332.604614,377.417999
2020-08-19,114.800491,274.629395,331.219696,375.705994
2020-08-20,117.34787,278.439026,332.251007,400.365997
2020-08-21,123.395103,280.368652,333.429626,409.996002
2020-08-24,124.870934,282.119293,336.808319,402.839996
2020-08-25,123.846527,284.337402,337.986908,404.667999
2020-08-26,125.530724,290.404907,341.375397,430.634003
2020-08-27,124.030075,289.499786,342.121857,447.75
2020-08-28,123.82917,290.971924,344.331757,442.679993
2020-08-31,128.028488,293.309387,343.084412,498.320007
2020-09-01,133.128204,298.32254,346.315765,475.049988
2020-09-02,130.369995,301.14743,351.32489,447.369995
2020-09-03,119.932457,285.879181,339.234283,407.0
2020-09-04,120.011818,282.06955,336.464539,418.320007
2020-09-08,111.935638,268.512177,327.271332,330.209991
2020-09-09,116.40036,276.399933,333.7341,366.279999
2020-09-10,112.60038,270.889435,327.93927,371.339996
2020-09-11,111.122047,269.009521,328.106201,372.720001
2020-09-14,114.455719,273.694427,332.427795,419.619995
2020-09-15,114.634308,277.573639,334.10733,449.76001
2020-09-16,111.251038,273.147339,332.781372,441.76001
2020-09-17,109.475075,268.880219,329.854523,423.429993
2020-09-18,106.002502,265.448547,326.056976,442.149994
2020-09-21,109.21711,266.085175,322.428101,449.390015
2020-09-22,110.93354,271.028717,325.711853,424.230011
2020-09-23,106.280319,262.753021,318.158264,380.359985
2020-09-24,107.371696,263.976471,319.006287,387.790009
2020-09-25,111.399857,270.113586,324.163666,407.339996
2020-09-28,114.058861,275.723541,329.54776,421.200012
2020-09-29,113.195679,274.480194,327.753082,419.070007
2020-09-30,114.902191,276.360138,330.238068,429.01001
2020-10-01,115.874519,280.746674,332.358215,448.160004
2020-10-02,112.134064,272.848938,329.202637,415.089996
2020-10-05,115.586792,278.667755,335.040466,425.679993
2020-10-06,112.272972,273.694427,330.277527,413.980011
2020-10-07,114.177917,278.429047,336.02655,425.299988
2020-10-08,114.068779,279.911133,339.004608,425.920013
2020-10-09,116.053108,284.188232,342.031952,434.0
2020-10-12,123.424866,292.961243,347.534424,442.299988
2020-10-13,120.150726,292.951263,345.266357,446.649994
2020-10-14,120.240013,290.504364,343.096924,461.299988
2020-10-15,119.763786,288.55484,342.672913,448.880005
2020-10-16,118.087021,286.973297,342.465851,439.670013
2020-10-19,115.070869,282.288391,337.259186,430.829987
2020-10-20,116.588867,282.895172,338.610138,421.940002
2020-10-21,115.95388,282.676331,337.969177,422.640015
2020-10-22,114.842667,282.666382,339.823059,425.790009
2020-10-23,114.138229,283.223358,340.976807,420.630005
2020-10-26,114.148163,278.976105,334.675568,420.279999
2020-10-27,115.685997,281.154449,333.52182,424.679993
2020-10-28,110.328331,270.193176,322.122375,406.019989
2020-10-29,114.416031,274.917847,325.396301,410.829987
2020-10-30,108.006676,267.945221,322.004059,388.040009
2020-11-02,107.917374,268.542023,325.61322,400.51001
2020-11-03,109.574287,273.187103,331.362244,423.899994
2020-11-04,114.048943,285.381836,338.767914,420.980011
2020-11-05,118.096947,292.822021,345.374847,438.089996
2020-11-06,117.962791,293.040833,345.295959,429.950012
2020-11-09,115.6073,287.052887,349.634827,421.26001
2020-11-10,115.259453,281.9104,349.12207,410.359985
2020-11-11,118.757889,288.216675,351.715546,417.130005
2020-11-12,118.479599,286.863861,348.303589,411.76001
2020-11-13,118.529305,289.380402,353.125671,408.5
2020-11-16,119.56292,291.638336,357.5336,408.089996
2020-11-17,118.658493,290.713257,355.610657,441.609985
2020-11-18,117.306824,288.564758,351.330963,486.640015
2020-11-19,117.913086,290.822723,352.81012,499.269989
2020-11-20,116.621048,288.833344,350.394135,489.609985
2020-11-23,113.152443,288.843323,352.494507,521.849976
2020-11-24,114.464355,292.90155,358.174591,555.380005
2020-11-25,115.319084,294.701935,357.622314,574.0
2020-11-27,115.875641,297.417389,358.618317,585.76001
2020-11-30,118.32058,298.024109,357.03064,567.599976
2020-12-01,121.968094,301.843658,360.935669,584.76001
2020-12-02,122.32589,302.231598,361.694977,568.820007
2020-12-03,122.186745,302.659302,361.596344,593.380005
2020-12-04,121.500969,303.89267,364.712463,599.039978
2020-12-07,122.991783,305.613495,363.963013,641.76001
2020-12-08,123.61792,306.64798,365.028015,649.880005
2020-12-09,121.033852,299.705109,361.75412,604.47998
2020-12-10,122.484901,300.908661,361.635803,627.070007
2020-12-11,121.659996,300.242249,361.211761,609.98999
2020-12-14,121.033852,302.420593,359.594543,639.830017
2020-12-15,127.096481,305.65329,364.456055,633.25
2020-12-16,127.026901,307.33429,365.028015,622.77002
2020-12-17,127.911461,309.343506,367.069244,655.900024
2020-12-18,125.883957,308.408539,365.603577,695.0
2020-12-21,127.444328,307.831573,364.296356,649.859985
2020-12-22,131.071976,308.668579,363.682373,640.340027
2020-12-23,130.157608,307.114136,364.009216,645.97998
2020-12-24,131.161423,308.469299,365.425323,661.77002
2020-12-28,135.852524,311.578339,368.564636,663.690002
2020-12-29,134.04364,311.8573,367.861481,665.98999
2020-12-30,132.900711,311.86731,368.386353,694.780029
2020-12-31,131.877014,312.634552,370.258057,705.669983
2021-01-04,128.617096,308.220184,365.217407,729.77002
2021-01-05,130.207291,310.7612,367.732758,735.109985
2021-01-06,125.824326,306.456451,369.931244,755.97998
2021-01-07,130.117844,313.870209,375.42749,816.039978
2021-01-08,131.240921,317.905914,377.566589,880.02002
2021-01-11,128.189728,313.312195,375.021484,811.190002
2021-01-12,128.010849,312.813934,375.100677,849.440002
2021-01-13,130.088028,314.926483,376.11084,854.409973
2021-01-14,128.120178,313.242432,374.793671,845.0
2021-01-15,126.361023,310.7612,372.060455,826.159973
2021-01-19,127.046783,315.295197,374.981842,844.549988
2021-01-20,131.221039,322.629211,380.171082,850.450012
2021-01-21,136.031387,325.210083,380.51767,844.98999
2021-01-22,138.217926,324.273438,379.170868,846.640015
2021-01-25,142.044312,326.953949,380.666229,880.799988
2021-01-26,142.282867,327.432251,380.072052,883.090027
2021-01-27,141.18959,318.304504,370.782928,864.159973
2021-01-28,136.250031,320.187897,373.971741,835.429993
2021-01-29,131.151489,313.451691,366.484985,793.530029
2021-02-01,133.31813,321.284027,372.585297,839.809998
2021-02-02,134.162918,326.525452,377.85376,872.789978
2021-02-03,133.119339,325.230042,378.150848,854.690002
2021-02-04,136.548218,329.076447,382.448792,849.98999
2021-02-05,136.125183,330.192444,383.954071,852.22998
2021-02-08,136.27449,332.404663,386.72699,863.419983
2021-02-09,135.378647,332.334961,386.469452,849.460022
2021-02-10,134.761551,331.577606,386.301086,804.820007
2021-02-11,134.502731,333.401123,386.924988,811.659973
2021-02-12,134.741623,335.264557,388.836334,816.119995
2021-02-16,132.571747,334.357788,388.499634,796.219971
2021-02-17,130.232651,332.753418,388.588745,798.150024
2021-02-18,129.10791,331.298584,386.934906,787.380005
2021-02-19,129.267151,329.853668,386.251617,781.299988
2021-02-22,125.415123,321.303925,383.28067,714.5
2021-02-23,125.27578,320.34729,383.746094,698.840027
2021-02-24,124.768143,322.987976,387.974731,742.02002
2021-02-25,120.428383,311.727753,378.62619,682.219971
2021-02-26,120.697136,313.033173,376.675262,675.5
2021-03-01,127.196815,322.44986,385.805939,718.429993
2021-03-02,124.539215,317.278168,382.79541,686.440002
2021-03-03,121.493416,308.070709,377.725037,653.200012
2021-03-04,119.572372,303.028534,373.050751,621.440002
2021-03-05,120.856384,307.592377,379.913605,597.950012
2021-03-08,115.81987,298.883209,378.022125,563.0
2021-03-09,120.527916,310.671509,383.419342,673.580017
2021-03-10,119.423073,309.784668,385.805939,668.059998
2021-03-11,121.393875,316.919434,389.717682,699.599976
2021-03-12,120.468201,314.348511,390.242584,693.72998
2021-03-15,123.414452,317.706635,392.569794,707.940002
2021-03-16,124.987114,319.4505,392.074646,676.880005
2021-03-17,124.180885,320.765808,393.411591,701.809998
2021-03-18,119.970512,310.940582,387.687592,653.159973
2021-03-19,119.433022,312.036713,386.970245,654.869995
2021-03-22,122.817245,317.888367,390.06015,670.0
2021-03-23,121.971191,316.501556,386.990082,662.159973
2021-03-24,119.532555,311.163666,385.022827,630.27002
2021-03-25,120.030235,310.624878,387.188812,640.390015
2021-03-26,120.647362,315.284302,393.428345,618.710022
2021-03-29,120.826523,315.194519,393.229645,611.289978
2021-03-30,119.343437,313.608124,392.186371,635.619995
2021-03-31,121.582993,318.407227,393.776062,667.929993
2021-04-01,122.429047,323.8349,398.028473,661.75
2021-04-05,125.31559,330.300201,403.741425,691.049988
2021-04-06,125.624153,330.07077,403.502991,691.619995
2021-04-07,127.306313,330.868927,403.96994,670.969971
2021-04-08,129.754883,334.321075,405.887512,683.799988
2021-04-09,132.382614,336.346497,408.838379,677.02002
2021-04-12,130.630798,335.907532,408.987427,701.97998
2021-04-13,133.805984,339.828613,410.199524,762.320007
2021-04-14,131.41713,335.747894,408.798676,732.22998
2021-04-15,133.875656,340.836304,413.190155,738.849976
2021-04-16,133.537262,341.235413,414.571228,739.780029
2021-04-19,134.214096,338.112518,412.534393,714.630005
2021-04-20,132.492126,335.648102,409.514008,718.98999
2021-04-21,132.88031,338.521576,413.388855,744.119995
2021-04-22,131.32756,334.440857,409.613342,719.690002
2021-04-23,133.696518,338.651276,414.054535,729.400024
2021-04-26,134.09465,340.856262,414.918915,738.200012
2021-04-27,133.766174,339.379639,414.829529,704.73999
2021-04-28,132.95993,338.232208,414.710297,694.400024
2021-04-29,132.860397,339.449463,417.353149,677.0
2021-04-30,130.849777,337.224518,414.610931,709.440002
2021-05-03,131.924744,335.428589,415.505157,684.900024
2021-05-04,127.256531,329.392303,412.941742,673.599976
2021-05-05,127.505386,328.284821,413.070953,670.940002
2021-05-06,129.137772,330.759216,416.369537,663.539978
2021-05-07,129.825745,333.443085,419.399872,672.369995
2021-05-10,126.475639,325.022217,415.246826,629.039978
2021-05-11,125.538422,324.573212,411.540863,617.200012
2021-05-12,122.407684,316.172333,402.797577,589.890015
2021-05-13,124.601189,318.61676,407.636169,571.690002
2021-05-14,127.073868,325.650787,413.895569,589.73999
2021-05-17,125.897354,323.675262,412.842407,576.830017
2021-05-18,124.481544,321.490204,409.285492,577.869995
2021-05-19,124.322021,321.859375,408.212433,563.460022
2021-05-20,126.93428,328.085236,412.603973,586.780029
2021-05-21,125.059837,326.269379,412.266174,580.880005
2021-05-24,126.724899,331.756958,416.468903,606.440002
2021-05-25,126.525497,332.215881,415.544861,604.690002
2021-05-26,126.475639,333.37326,416.369537,619.130005
2021-05-27,124.910271,332.126099,416.588104,630.849976
2021-05-28,124.242256,333.173706,417.333313,625.219971
2021-06-01,123.913223,332.066223,416.965698,623.900024
2021-06-02,124.690918,332.714752,417.621429,605.119995
2021-06-03,123.175415,329.252594,416.071472,572.840027
2021-06-04,125.518478,334.839935,419.876801,599.049988
2021-06-07,125.52845,335.837646,419.469452,605.130005
2021-06-08,126.365967,335.997284,419.558868,603.590027
2021-06-09,126.754822,336.077118,418.932892,598.780029
2021-06-10,125.737831,339.579163,420.880249,610.119995
2021-06-11,126.974167,340.467133,421.575775,609.890015
2021-06-14,130.094925,343.729767,422.519684,617.690002
2021-06-15,129.257416,341.484833,421.74469,599.359985
2021-06-16,129.7659,340.237671,419.389923,604.869995
2021-06-17,131.401062,344.557861,419.250854,616.599976
2021-06-18,130.074997,341.854004,413.595001,623.309998
2021-06-21,131.909561,343.978607,419.515991,620.830017
2021-06-22,133.584595,347.185089,421.75882,623.710022
2021-06-23,133.305435,347.354889,421.250458,656.570007
2021-06-24,133.016281,349.502533,423.742462,679.820007
2021-06-25,132.717178,349.072968,425.24762,671.869995
2021-06-28,134.382248,353.318268,426.104889,688.719971
2021-06-29,135.927673,354.596863,426.334167,680.76001
2021-06-30,136.555817,354.037476,426.693024,679.700012
2021-07-01,136.864899,354.177338,429.05545,677.919983
2021-07-02,139.546967,358.242828,432.33493,678.900024
2021-07-06,141.600876,359.791107,431.547455,659.580017
2021-07-07,144.143356,360.550262,433.072571,644.650024
2021-07-08,142.817276,358.372681,429.543884,652.809998
2021-07-09,144.681763,360.610199,434.129181,656.950012
2021-07-12,144.073563,362.018646,435.684204,685.700012
2021-07-13,145.21019,362.018646,434.198975,668.539978
2021-07-14,148.709824,362.667938,434.846893,653.380005
2021-07-15,148.041809,360.120728,433.361664,650.599976
2021-07-16,145.957977,357.203979,429.962524,644.219971
2021-07-19,142.029602,354.277222,423.612885,646.219971
2021-07-20,145.718674,358.39267,429.683441,660.5
2021-07-21,144.970901,361.159576,433.162292,655.289978
2021-07-22,146.36676,363.546967,434.069366,649.26001
2021-07-23,148.121582,367.792236,438.535095,643.380005
2021-07-26,148.550323,368.081909,439.611633,657.619995
2021-07-27,146.336853,364.026398,437.608063,644.780029
2021-07-28,144.552139,365.424835,437.428619,646.97998
2021-07-29,145.21019,366.074158,439.242798,677.349976
2021-07-30,145.429535,364.16626,437.10965,687.200012
2021-08-02,145.090546,364.196228,436.192566,709.669983
2021-08-03,146.92511,366.403778,439.741211,709.73999
2021-08-04,146.516327,366.933197,437.578156,710.919983
2021-08-05,146.626007,369.26062,440.349274,714.630005
2021-08-06,145.927017,367.642395,441.076935,699.099976
2021-08-09,145.87709,368.321655,440.718079,713.76001
2021-08-10,145.387817,366.433746,441.266327,709.98999
2021-08-11,145.64743,365.804443,442.362823,707.820007
2021-08-12,148.673019,367.122986,443.688568,722.25
2021-08-13,148.882721,368.41156,444.496002,717.169983
2021-08-16,150.899765,368.571381,445.542633,686.169983
2021-08-17,149.97113,365.324982,442.622009,665.710022
2021-08-18,146.146698,361.808868,437.777496,688.98999
2021-08-19,146.486206,363.556915,438.455322,673.469971
2021-08-20,147.974045,367.322754,441.944153,680.26001
2021-08-23,149.491837,372.816681,445.831726,706.299988
2021-08-24,149.401947,373.955383,446.539429,708.48999
2021-08-25,148.143784,374.384918,447.47644,711.200012
2021-08-26,147.324982,372.007568,444.8349,701.159973
2021-08-27,148.383453,375.623566,448.812164,711.919983
2021-08-30,152.896851,379.838898,450.785828,730.909973
2021-08-31,151.608734,379.529236,450.117981,735.719971
2021-09-01,152.287735,380.158508,450.357178,734.090027
2021-09-02,153.426071,379.978729,451.742767,732.390015
2021-09-03,154.075134,381.14743,451.633118,733.570007
2021-09-07,156.461655,381.686829,450.01828,752.919983
2021-09-08,154.883957,380.358307,449.470062,753.869995
2021-09-09,153.845474,379.049744,447.546234,754.859985
2021-09-10,148.752899,376.172943,444.017517,736.27002
2021-09-13,149.332062,375.913208,445.15387,743.0
2021-09-14,147.904129,374.844421,442.751587,744.48999
2021-09-15,148.812805,377.631317,446.449738,755.830017
2021-09-16,148.573151,377.891022,445.742004,756.98999
2021-09-17,145.847137,373.415985,441.399994,759.48999
2021-09-20,142.731689,365.700012,434.040009,730.169983
2021-09-21,143.220963,366.149994,433.630005,739.380005
2021-09-22,145.637451,369.570007,437.859985,751.940002
2021-09-23,146.616028,372.980011,443.179993,753.640015
2021-09-24,146.705887,373.329987,443.910004,774.390015
2021-09-27,145.158142,370.350006,442.640015,791.359985
2021-09-28,141.703186,359.869995,433.720001,777.559998
2021-09-29,142.621857,359.279999,434.450012,781.309998
2021-09-30,141.293793,357.959991,429.140015,775.47998
2021-10-01,142.442108,360.179993,434.23999,775.219971
2021-10-04,138.937225,352.619995,428.640015,781.530029
2021-10-05,140.904358,357.380005,433.100006,780.590027
2021-10-06,141.79306,359.670013,434.899994,782.75
2021-10-07,143.081177,362.970001,438.660004,793.609985
2021-10-08,142.691742,361.160004,437.859985,785.48999
2021-10-11,142.601883,358.390015,434.690002,791.940002
2021-10-12,141.303772,357.140015,433.619995,805.719971
2021-10-13,140.704651,360.0,435.179993,811.080017
2021-10-14,143.550491,366.630005,442.5,818.320007
2021-10-15,144.628922,368.940002,445.869995,843.030029
2021-10-18,146.336426,372.649994,447.190002,870.109985
2021-10-19,148.543198,375.470001,450.640015,864.27002
2021-10-20,149.04248,374.980011,452.410004,865.799988
2021-10-21,149.262146,377.269989,453.589996,894.0
2021-10-22,148.473312,374.100006,453.119995,909.679993
2021-10-25,148.423386,377.929993,455.549988,1024.859985
2021-10-26,149.102402,379.119995,455.959991,1018.429993
2021-10-27,148.633087,380.0,453.940002,1037.859985
2021-10-28,152.347656,384.220001,458.320007,1077.040039
2021-10-29,149.581696,386.109985,459.25,1114.0
2021-11-01,148.74292,387.429993,460.040009,1208.589966
2021-11-02,149.801376,389.049988,461.899994,1172.0
2021-11-03,151.269241,393.179993,464.720001,1213.859985
2021-11-04,150.740005,398.220001,466.910004,1229.910034
2021-11-05,151.279999,398.600006,468.529999,1222.089966
2021-11-08,150.440002,398.059998,468.929993,1162.939941
2021-11-09,150.809998,395.320007,467.380005,1023.5
2021-11-10,147.919998,389.51001,463.619995,1067.949951
2021-11-11,147.869995,390.589996,463.769989,1063.51001
2021-11-12,149.990005,394.700012,467.269989,1033.420044
2021-11-15,150.0,394.609985,467.429993,1013.390015
2021-11-16,151.0,397.420013,469.279999,1054.72998
2021-11-17,153.490005,397.630005,468.140015,1089.01001
2021-11-18,157.869995,401.75,469.730011,1096.380005
2021-11-19,160.550003,403.98999,468.890015,1137.060059
2021-11-22,161.020004,399.299988,467.570007,1156.869995
2021-11-23,161.410004,397.480011,468.190002,1109.030029
2021-11-24,161.940002,398.76001,469.440002,1116.0
2021-11-26,156.809998,391.200012,458.970001,1081.920044
2021-11-29,160.240005,399.690002,464.600006,1136.98999
2021-11-30,165.300003,393.820007,455.559998,1144.76001
2021-12-01,164.770004,387.119995,450.5,1095.0
2021-12-02,163.759995,389.910004,457.399994,1084.599976
2021-12-03,161.839996,383.130005,453.420013,1014.969971
